{
    "plddts": {
        "model_1_pred_0": 94.94185287898648,
        "model_2_pred_0": 95.2368157391287,
        "model_3_pred_0": 94.73925625186814,
        "model_4_pred_0": 95.35117846040714,
        "model_5_pred_0": 94.55851403385964
    },
    "order": [
        "model_4_pred_0",
        "model_2_pred_0",
        "model_1_pred_0",
        "model_3_pred_0",
        "model_5_pred_0"
    ]
}